<?xml version="1.0" encoding="utf-8"?>
<ArrayOfTypeDate xmlns:xsd="http://www.w3.org/2001/XMLSchema" xmlns:xsi="http://www.w3.org/2001/XMLSchema-instance">
  <TypeDate>
    <guid>281ea3566584a47c09c682e422c2fa4d</guid>
    <fileName>Assets/Plugins/UnitySweeper/Editor/AssetCollector.cs</fileName>
    <timeStamp>2024-06-01T15:39:43+02:00</timeStamp>
    <typeFullName>
      <string>UnitySweeper.AssetCollector</string>
    </typeFullName>
    <assembly>Assembly-CSharp-Editor-firstpass, Version=0.0.0.0, Culture=neutral, PublicKeyToken=null</assembly>
  </TypeDate>
  <TypeDate>
    <guid>8652319b28aff43e9b9fd7edf63e7d34</guid>
    <fileName>Assets/Plugins/UnitySweeper/Editor/AssetReferenceCollection.cs</fileName>
    <timeStamp>2024-06-01T15:39:43+02:00</timeStamp>
    <typeFullName>
      <string>UnitySweeper.AssetReferenceCollection</string>
    </typeFullName>
    <assembly>Assembly-CSharp-Editor-firstpass, Version=0.0.0.0, Culture=neutral, PublicKeyToken=null</assembly>
  </TypeDate>
  <TypeDate>
    <guid>90582c2e0651c409a8dfdd5e2f98e70c</guid>
    <fileName>Assets/Plugins/UnitySweeper/Editor/ClassReferenceCollection.cs</fileName>
    <timeStamp>2024-06-01T15:39:43+02:00</timeStamp>
    <typeFullName>
      <string>UnitySweeper.ClassReferenceCollection</string>
    </typeFullName>
    <assembly>Assembly-CSharp-Editor-firstpass, Version=0.0.0.0, Culture=neutral, PublicKeyToken=null</assembly>
  </TypeDate>
  <TypeDate>
    <guid>02ae3ab76b6f3443482ae452f1f4778a</guid>
    <fileName>Assets/Plugins/UnitySweeper/Editor/CollectionData.cs</fileName>
    <timeStamp>2024-06-01T15:39:43+02:00</timeStamp>
    <typeFullName>
      <string>UnitySweeper.CollectionData</string>
      <string>UnitySweeper.TypeDate</string>
      <string>UnitySweeper.IReferenceCollection</string>
    </typeFullName>
    <assembly>Assembly-CSharp-Editor-firstpass, Version=0.0.0.0, Culture=neutral, PublicKeyToken=null</assembly>
  </TypeDate>
  <TypeDate>
    <guid>8886e260b50534f1e90383ef28bbe1e8</guid>
    <fileName>Assets/Plugins/UnitySweeper/Editor/FindUnusedAssetsWindow.cs</fileName>
    <timeStamp>2024-06-01T15:39:43+02:00</timeStamp>
    <typeFullName>
      <string>UnitySweeper.FindUnusedAssetsWindow</string>
    </typeFullName>
    <assembly>Assembly-CSharp-Editor-firstpass, Version=0.0.0.0, Culture=neutral, PublicKeyToken=null</assembly>
  </TypeDate>
  <TypeDate>
    <guid>d8f786ce1c3be451c92baf418d326ac2</guid>
    <fileName>Assets/Plugins/UnitySweeper/Editor/ShaderReferenceCollection.cs</fileName>
    <timeStamp>2024-06-01T15:39:43+02:00</timeStamp>
    <typeFullName>
      <string>UnitySweeper.ShaderReferenceCollection</string>
    </typeFullName>
    <assembly>Assembly-CSharp-Editor-firstpass, Version=0.0.0.0, Culture=neutral, PublicKeyToken=null</assembly>
  </TypeDate>
  <TypeDate>
    <guid>8aef3603a40b74c61ab884ffc4cd18e8</guid>
    <fileName>Assets/Scripts/AI/Enemy.cs</fileName>
    <timeStamp>2025-02-13T19:09:22.3213572+01:00</timeStamp>
    <typeFullName>
      <string>EnemyState</string>
      <string>Enemy</string>
    </typeFullName>
    <assembly>Assembly-CSharp, Version=0.0.0.0, Culture=neutral, PublicKeyToken=null</assembly>
  </TypeDate>
  <TypeDate>
    <guid>901d846f0766bf9499a15eb8affc762c</guid>
    <fileName>Assets/Scripts/AI/Entity.cs</fileName>
    <timeStamp>2025-02-13T19:09:22.3214943+01:00</timeStamp>
    <typeFullName>
      <string>Entity</string>
    </typeFullName>
    <assembly>Assembly-CSharp, Version=0.0.0.0, Culture=neutral, PublicKeyToken=null</assembly>
  </TypeDate>
  <TypeDate>
    <guid>daa538be49c86f7428b7f70e208a9865</guid>
    <fileName>Assets/Scripts/AI/Spawner.cs</fileName>
    <timeStamp>2025-02-13T19:09:22.3216608+01:00</timeStamp>
    <typeFullName>
      <string>Spawner</string>
    </typeFullName>
    <assembly>Assembly-CSharp, Version=0.0.0.0, Culture=neutral, PublicKeyToken=null</assembly>
  </TypeDate>
  <TypeDate>
    <guid>aa504c10c38ee0d44974f501c9c1a6e2</guid>
    <fileName>Assets/Scripts/AI/TimedSpawner.cs</fileName>
    <timeStamp>2025-02-13T19:09:22.3221893+01:00</timeStamp>
    <typeFullName>
      <string>TimedSpawner</string>
    </typeFullName>
    <assembly>Assembly-CSharp, Version=0.0.0.0, Culture=neutral, PublicKeyToken=null</assembly>
  </TypeDate>
  <TypeDate>
    <guid>5cc5b7b0e16a942e38d50aac15303db1</guid>
    <fileName>Assets/Scripts/Game/GameManager.cs</fileName>
    <timeStamp>2025-02-13T19:29:54.4537378+01:00</timeStamp>
    <typeFullName>
      <string>GameState</string>
      <string>GameOverStatus</string>
      <string>GameManager</string>
    </typeFullName>
    <assembly>Assembly-CSharp, Version=0.0.0.0, Culture=neutral, PublicKeyToken=null</assembly>
  </TypeDate>
  <TypeDate>
    <guid>75237301a5f28484a93856a2c9e6118c</guid>
    <fileName>Assets/Scripts/Game/HPItem.cs</fileName>
    <timeStamp>2025-02-13T19:09:22.322612+01:00</timeStamp>
    <typeFullName>
      <string>HPItem</string>
    </typeFullName>
    <assembly>Assembly-CSharp, Version=0.0.0.0, Culture=neutral, PublicKeyToken=null</assembly>
  </TypeDate>
  <TypeDate>
    <guid>901563c3439d8574cb7e4082f94019d7</guid>
    <fileName>Assets/Scripts/Game/Item.cs</fileName>
    <timeStamp>2025-02-13T19:09:22.3227554+01:00</timeStamp>
    <typeFullName>
      <string>Item</string>
    </typeFullName>
    <assembly>Assembly-CSharp, Version=0.0.0.0, Culture=neutral, PublicKeyToken=null</assembly>
  </TypeDate>
  <TypeDate>
    <guid>a02b7572e266da346a29096883255a55</guid>
    <fileName>Assets/Scripts/Game/TimeItem.cs</fileName>
    <timeStamp>2025-02-13T19:09:22.3229081+01:00</timeStamp>
    <typeFullName>
      <string>TimeItem</string>
    </typeFullName>
    <assembly>Assembly-CSharp, Version=0.0.0.0, Culture=neutral, PublicKeyToken=null</assembly>
  </TypeDate>
  <TypeDate>
    <guid>e96416d59eda4774bafcf0714065571d</guid>
    <fileName>Assets/Scripts/Game/UpItem.cs</fileName>
    <timeStamp>2025-02-13T19:09:22.323053+01:00</timeStamp>
    <typeFullName>
      <string>UpItem</string>
    </typeFullName>
    <assembly>Assembly-CSharp, Version=0.0.0.0, Culture=neutral, PublicKeyToken=null</assembly>
  </TypeDate>
  <TypeDate>
    <guid>87d65415705624a5ab77ae52d5ca24bd</guid>
    <fileName>Assets/Scripts/Player/PlayerController.cs</fileName>
    <timeStamp>2025-02-13T19:09:22.3235477+01:00</timeStamp>
    <typeFullName>
      <string>PlayerController</string>
    </typeFullName>
    <assembly>Assembly-CSharp, Version=0.0.0.0, Culture=neutral, PublicKeyToken=null</assembly>
  </TypeDate>
  <TypeDate>
    <guid>4e8fbb73c1b84c04fb8975b0738185ef</guid>
    <fileName>Assets/Scripts/Player/PlayerSpawner.cs</fileName>
    <timeStamp>2025-02-13T19:09:22.3237203+01:00</timeStamp>
    <typeFullName>
      <string>PlayerSpawner</string>
    </typeFullName>
    <assembly>Assembly-CSharp, Version=0.0.0.0, Culture=neutral, PublicKeyToken=null</assembly>
  </TypeDate>
  <TypeDate>
    <guid>559a6ba8df7166b409d9bc3d134e2e63</guid>
    <fileName>Assets/Scripts/UI/Audio.cs</fileName>
    <timeStamp>2025-02-13T19:09:22.3240077+01:00</timeStamp>
    <typeFullName>
      <string>AudioSettingsMenu</string>
    </typeFullName>
    <assembly>Assembly-CSharp, Version=0.0.0.0, Culture=neutral, PublicKeyToken=null</assembly>
  </TypeDate>
  <TypeDate>
    <guid>849d54fbf769a4b4ba357e0542a1414e</guid>
    <fileName>Assets/Scripts/UI/HUDController.cs</fileName>
    <timeStamp>2025-02-13T19:09:22.3242065+01:00</timeStamp>
    <typeFullName>
      <string>HUDController</string>
    </typeFullName>
    <assembly>Assembly-CSharp, Version=0.0.0.0, Culture=neutral, PublicKeyToken=null</assembly>
  </TypeDate>
  <TypeDate>
    <guid>39455ea363c743c40b16beb680e300df</guid>
    <fileName>Assets/Scripts/UI/MainMenu.cs</fileName>
    <timeStamp>2025-02-13T19:09:22.3243793+01:00</timeStamp>
    <typeFullName>
      <string>MainMenu</string>
    </typeFullName>
    <assembly>Assembly-CSharp, Version=0.0.0.0, Culture=neutral, PublicKeyToken=null</assembly>
  </TypeDate>
  <TypeDate>
    <guid>78119e23bc7d757459e55fe17923140d</guid>
    <fileName>Assets/Scripts/UI/Options.cs</fileName>
    <timeStamp>2025-02-13T19:09:22.3245508+01:00</timeStamp>
    <typeFullName>
      <string>ControlsMenu</string>
    </typeFullName>
    <assembly>Assembly-CSharp, Version=0.0.0.0, Culture=neutral, PublicKeyToken=null</assembly>
  </TypeDate>
  <TypeDate>
    <guid>0930aaf57336281428ec7af7ef529b34</guid>
    <fileName>Assets/Scripts/UI/WhoWeAre.cs</fileName>
    <timeStamp>2025-02-13T19:09:22.3247005+01:00</timeStamp>
    <typeFullName>
      <string>WhoWeAreMenu</string>
    </typeFullName>
    <assembly>Assembly-CSharp, Version=0.0.0.0, Culture=neutral, PublicKeyToken=null</assembly>
  </TypeDate>
  <TypeDate>
    <guid>f970ea55f9f84bf79b05dab180b8c125</guid>
    <fileName>Assets/Settings/TextMesh Pro/Examples &amp; Extras/Scripts/Benchmark01.cs</fileName>
    <timeStamp>2025-02-13T19:29:54.4975519+01:00</timeStamp>
    <typeFullName>
      <string>TMPro.Examples.Benchmark01</string>
    </typeFullName>
    <assembly>Assembly-CSharp, Version=0.0.0.0, Culture=neutral, PublicKeyToken=null</assembly>
  </TypeDate>
  <TypeDate>
    <guid>8ef7be1c625941f7ba8ed7cc71718c0d</guid>
    <fileName>Assets/Settings/TextMesh Pro/Examples &amp; Extras/Scripts/Benchmark01_UGUI.cs</fileName>
    <timeStamp>2025-02-13T19:29:54.4977399+01:00</timeStamp>
    <typeFullName>
      <string>TMPro.Examples.Benchmark01_UGUI</string>
    </typeFullName>
    <assembly>Assembly-CSharp, Version=0.0.0.0, Culture=neutral, PublicKeyToken=null</assembly>
  </TypeDate>
  <TypeDate>
    <guid>e8538afcddc14efbb5d9e94b7ae50197</guid>
    <fileName>Assets/Settings/TextMesh Pro/Examples &amp; Extras/Scripts/Benchmark02.cs</fileName>
    <timeStamp>2025-02-13T19:29:54.4979024+01:00</timeStamp>
    <typeFullName>
      <string>TMPro.Examples.Benchmark02</string>
    </typeFullName>
    <assembly>Assembly-CSharp, Version=0.0.0.0, Culture=neutral, PublicKeyToken=null</assembly>
  </TypeDate>
  <TypeDate>
    <guid>a73109742c8d47ac822895a473300c29</guid>
    <fileName>Assets/Settings/TextMesh Pro/Examples &amp; Extras/Scripts/Benchmark03.cs</fileName>
    <timeStamp>2025-02-13T19:29:54.4980464+01:00</timeStamp>
    <typeFullName>
      <string>TMPro.Examples.Benchmark03</string>
      <string>TMPro.Examples.Benchmark03+BenchmarkType</string>
    </typeFullName>
    <assembly>Assembly-CSharp, Version=0.0.0.0, Culture=neutral, PublicKeyToken=null</assembly>
  </TypeDate>
  <TypeDate>
    <guid>dc20866c0d5e413ab7559440e15333ae</guid>
    <fileName>Assets/Settings/TextMesh Pro/Examples &amp; Extras/Scripts/Benchmark04.cs</fileName>
    <timeStamp>2025-02-13T19:29:54.4981769+01:00</timeStamp>
    <typeFullName>
      <string>TMPro.Examples.Benchmark04</string>
    </typeFullName>
    <assembly>Assembly-CSharp, Version=0.0.0.0, Culture=neutral, PublicKeyToken=null</assembly>
  </TypeDate>
  <TypeDate>
    <guid>2d687537154440a3913a9a3c7977978c</guid>
    <fileName>Assets/Settings/TextMesh Pro/Examples &amp; Extras/Scripts/CameraController.cs</fileName>
    <timeStamp>2025-02-13T19:29:54.4983338+01:00</timeStamp>
    <typeFullName>
      <string>TMPro.Examples.CameraController</string>
      <string>TMPro.Examples.CameraController+CameraModes</string>
    </typeFullName>
    <assembly>Assembly-CSharp, Version=0.0.0.0, Culture=neutral, PublicKeyToken=null</assembly>
  </TypeDate>
  <TypeDate>
    <guid>53d91f98a2664f5cb9af11de72ac54ec</guid>
    <fileName>Assets/Settings/TextMesh Pro/Examples &amp; Extras/Scripts/ChatController.cs</fileName>
    <timeStamp>2025-02-13T19:29:54.4984862+01:00</timeStamp>
    <typeFullName>
      <string>ChatController</string>
    </typeFullName>
    <assembly>Assembly-CSharp, Version=0.0.0.0, Culture=neutral, PublicKeyToken=null</assembly>
  </TypeDate>
  <TypeDate>
    <guid>ac1eb05af6d391b4eb0f4c070a99f1d0</guid>
    <fileName>Assets/Settings/TextMesh Pro/Examples &amp; Extras/Scripts/DropdownSample.cs</fileName>
    <timeStamp>2025-02-13T19:29:54.4986364+01:00</timeStamp>
    <typeFullName>
      <string>DropdownSample</string>
    </typeFullName>
    <assembly>Assembly-CSharp, Version=0.0.0.0, Culture=neutral, PublicKeyToken=null</assembly>
  </TypeDate>
  <TypeDate>
    <guid>a4b6f99e8bc54541bbd149b014ff441c</guid>
    <fileName>Assets/Settings/TextMesh Pro/Examples &amp; Extras/Scripts/EnvMapAnimator.cs</fileName>
    <timeStamp>2025-02-13T19:29:54.4987851+01:00</timeStamp>
    <typeFullName>
      <string>EnvMapAnimator</string>
    </typeFullName>
    <assembly>Assembly-CSharp, Version=0.0.0.0, Culture=neutral, PublicKeyToken=null</assembly>
  </TypeDate>
  <TypeDate>
    <guid>4f19c7f94c794c5097d8bd11e39c750d</guid>
    <fileName>Assets/Settings/TextMesh Pro/Examples &amp; Extras/Scripts/ObjectSpin.cs</fileName>
    <timeStamp>2025-02-13T19:29:54.498923+01:00</timeStamp>
    <typeFullName>
      <string>TMPro.Examples.ObjectSpin</string>
      <string>TMPro.Examples.ObjectSpin+MotionType</string>
    </typeFullName>
    <assembly>Assembly-CSharp, Version=0.0.0.0, Culture=neutral, PublicKeyToken=null</assembly>
  </TypeDate>
  <TypeDate>
    <guid>2787a46a4dc848c1b4b7b9307b614bfd</guid>
    <fileName>Assets/Settings/TextMesh Pro/Examples &amp; Extras/Scripts/ShaderPropAnimator.cs</fileName>
    <timeStamp>2025-02-13T19:29:54.4990537+01:00</timeStamp>
    <typeFullName>
      <string>TMPro.Examples.ShaderPropAnimator</string>
    </typeFullName>
    <assembly>Assembly-CSharp, Version=0.0.0.0, Culture=neutral, PublicKeyToken=null</assembly>
  </TypeDate>
  <TypeDate>
    <guid>9eff140b25d64601aabc6ba32245d099</guid>
    <fileName>Assets/Settings/TextMesh Pro/Examples &amp; Extras/Scripts/SimpleScript.cs</fileName>
    <timeStamp>2025-02-13T19:29:54.499305+01:00</timeStamp>
    <typeFullName>
      <string>TMPro.Examples.SimpleScript</string>
    </typeFullName>
    <assembly>Assembly-CSharp, Version=0.0.0.0, Culture=neutral, PublicKeyToken=null</assembly>
  </TypeDate>
  <TypeDate>
    <guid>d412675cfb3441efa3bf8dcd9b7624dc</guid>
    <fileName>Assets/Settings/TextMesh Pro/Examples &amp; Extras/Scripts/SkewTextExample.cs</fileName>
    <timeStamp>2025-02-13T19:29:54.4995024+01:00</timeStamp>
    <typeFullName>
      <string>TMPro.Examples.SkewTextExample</string>
    </typeFullName>
    <assembly>Assembly-CSharp, Version=0.0.0.0, Culture=neutral, PublicKeyToken=null</assembly>
  </TypeDate>
  <TypeDate>
    <guid>1a7eb92a01ed499a987bde9def05fbce</guid>
    <fileName>Assets/Settings/TextMesh Pro/Examples &amp; Extras/Scripts/TMP_DigitValidator.cs</fileName>
    <timeStamp>2025-02-13T19:29:54.4996403+01:00</timeStamp>
    <typeFullName>
      <string>TMPro.TMP_DigitValidator</string>
    </typeFullName>
    <assembly>Assembly-CSharp, Version=0.0.0.0, Culture=neutral, PublicKeyToken=null</assembly>
  </TypeDate>
  <TypeDate>
    <guid>6f2c5b59b6874405865e2616e4ec276a</guid>
    <fileName>Assets/Settings/TextMesh Pro/Examples &amp; Extras/Scripts/TMP_ExampleScript_01.cs</fileName>
    <timeStamp>2025-02-13T19:29:54.4998045+01:00</timeStamp>
    <typeFullName>
      <string>TMPro.Examples.TMP_ExampleScript_01</string>
      <string>TMPro.Examples.TMP_ExampleScript_01+objectType</string>
    </typeFullName>
    <assembly>Assembly-CSharp, Version=0.0.0.0, Culture=neutral, PublicKeyToken=null</assembly>
  </TypeDate>
  <TypeDate>
    <guid>686ec78b56aa445795335fbadafcfaa4</guid>
    <fileName>Assets/Settings/TextMesh Pro/Examples &amp; Extras/Scripts/TMP_FrameRateCounter.cs</fileName>
    <timeStamp>2025-02-13T19:29:54.5006254+01:00</timeStamp>
    <typeFullName>
      <string>TMPro.Examples.TMP_FrameRateCounter</string>
      <string>TMPro.Examples.TMP_FrameRateCounter+FpsCounterAnchorPositions</string>
    </typeFullName>
    <assembly>Assembly-CSharp, Version=0.0.0.0, Culture=neutral, PublicKeyToken=null</assembly>
  </TypeDate>
  <TypeDate>
    <guid>83680ab1a69f4102ac67d1459fe76e1f</guid>
    <fileName>Assets/Settings/TextMesh Pro/Examples &amp; Extras/Scripts/TMP_PhoneNumberValidator.cs</fileName>
    <timeStamp>2025-02-13T19:29:54.5013038+01:00</timeStamp>
    <typeFullName>
      <string>TMPro.TMP_PhoneNumberValidator</string>
    </typeFullName>
    <assembly>Assembly-CSharp, Version=0.0.0.0, Culture=neutral, PublicKeyToken=null</assembly>
  </TypeDate>
  <TypeDate>
    <guid>d736ce056cf444ca96e424f4d9c42b76</guid>
    <fileName>Assets/Settings/TextMesh Pro/Examples &amp; Extras/Scripts/TMP_TextEventCheck.cs</fileName>
    <timeStamp>2025-02-13T19:29:54.5017104+01:00</timeStamp>
    <typeFullName>
      <string>TMPro.Examples.TMP_TextEventCheck</string>
    </typeFullName>
    <assembly>Assembly-CSharp, Version=0.0.0.0, Culture=neutral, PublicKeyToken=null</assembly>
  </TypeDate>
  <TypeDate>
    <guid>1312ae25639a4bae8e25ae223209cc50</guid>
    <fileName>Assets/Settings/TextMesh Pro/Examples &amp; Extras/Scripts/TMP_TextEventHandler.cs</fileName>
    <timeStamp>2025-02-13T19:29:54.5021407+01:00</timeStamp>
    <typeFullName>
      <string>TMPro.TMP_TextEventHandler</string>
      <string>TMPro.TMP_TextEventHandler+CharacterSelectionEvent</string>
      <string>TMPro.TMP_TextEventHandler+SpriteSelectionEvent</string>
      <string>TMPro.TMP_TextEventHandler+WordSelectionEvent</string>
      <string>TMPro.TMP_TextEventHandler+LineSelectionEvent</string>
      <string>TMPro.TMP_TextEventHandler+LinkSelectionEvent</string>
    </typeFullName>
    <assembly>Assembly-CSharp, Version=0.0.0.0, Culture=neutral, PublicKeyToken=null</assembly>
  </TypeDate>
  <TypeDate>
    <guid>21256c5b62f346f18640dad779911e20</guid>
    <fileName>Assets/Settings/TextMesh Pro/Examples &amp; Extras/Scripts/TMP_TextInfoDebugTool.cs</fileName>
    <timeStamp>2025-02-13T19:29:54.5028276+01:00</timeStamp>
    <typeFullName>
      <string>TMPro.Examples.TMP_TextInfoDebugTool</string>
    </typeFullName>
    <assembly>Assembly-CSharp, Version=0.0.0.0, Culture=neutral, PublicKeyToken=null</assembly>
  </TypeDate>
  <TypeDate>
    <guid>103e0a6a1d404693b9fb1a5173e0e979</guid>
    <fileName>Assets/Settings/TextMesh Pro/Examples &amp; Extras/Scripts/TMP_TextSelector_A.cs</fileName>
    <timeStamp>2025-02-13T19:29:54.5032538+01:00</timeStamp>
    <typeFullName>
      <string>TMPro.Examples.TMP_TextSelector_A</string>
    </typeFullName>
    <assembly>Assembly-CSharp, Version=0.0.0.0, Culture=neutral, PublicKeyToken=null</assembly>
  </TypeDate>
  <TypeDate>
    <guid>a05dcd8be7ec4ccbb35c26219884aa37</guid>
    <fileName>Assets/Settings/TextMesh Pro/Examples &amp; Extras/Scripts/TMP_TextSelector_B.cs</fileName>
    <timeStamp>2025-02-13T19:29:54.5035681+01:00</timeStamp>
    <typeFullName>
      <string>TMPro.Examples.TMP_TextSelector_B</string>
    </typeFullName>
    <assembly>Assembly-CSharp, Version=0.0.0.0, Culture=neutral, PublicKeyToken=null</assembly>
  </TypeDate>
  <TypeDate>
    <guid>24b0dc2d1d494adbbec1f4db26b4cf83</guid>
    <fileName>Assets/Settings/TextMesh Pro/Examples &amp; Extras/Scripts/TMP_UiFrameRateCounter.cs</fileName>
    <timeStamp>2025-02-13T19:29:54.5046427+01:00</timeStamp>
    <typeFullName>
      <string>TMPro.Examples.TMP_UiFrameRateCounter</string>
      <string>TMPro.Examples.TMP_UiFrameRateCounter+FpsCounterAnchorPositions</string>
    </typeFullName>
    <assembly>Assembly-CSharp, Version=0.0.0.0, Culture=neutral, PublicKeyToken=null</assembly>
  </TypeDate>
  <TypeDate>
    <guid>c3c1afeda5e545e0b19add5373896d2e</guid>
    <fileName>Assets/Settings/TextMesh Pro/Examples &amp; Extras/Scripts/TMPro_InstructionOverlay.cs</fileName>
    <timeStamp>2025-02-13T19:29:54.50484+01:00</timeStamp>
    <typeFullName>
      <string>TMPro.Examples.TMPro_InstructionOverlay</string>
      <string>TMPro.Examples.TMPro_InstructionOverlay+FpsCounterAnchorPositions</string>
    </typeFullName>
    <assembly>Assembly-CSharp, Version=0.0.0.0, Culture=neutral, PublicKeyToken=null</assembly>
  </TypeDate>
  <TypeDate>
    <guid>e32c266ee6204b21a427753cb0694c81</guid>
    <fileName>Assets/Settings/TextMesh Pro/Examples &amp; Extras/Scripts/TeleType.cs</fileName>
    <timeStamp>2025-02-13T19:29:54.505004+01:00</timeStamp>
    <typeFullName>
      <string>TMPro.Examples.TeleType</string>
    </typeFullName>
    <assembly>Assembly-CSharp, Version=0.0.0.0, Culture=neutral, PublicKeyToken=null</assembly>
  </TypeDate>
  <TypeDate>
    <guid>43bcd35a1c0c40ccb6d472893fe2093f</guid>
    <fileName>Assets/Settings/TextMesh Pro/Examples &amp; Extras/Scripts/TextConsoleSimulator.cs</fileName>
    <timeStamp>2025-02-13T19:29:54.505158+01:00</timeStamp>
    <typeFullName>
      <string>TMPro.Examples.TextConsoleSimulator</string>
    </typeFullName>
    <assembly>Assembly-CSharp, Version=0.0.0.0, Culture=neutral, PublicKeyToken=null</assembly>
  </TypeDate>
  <TypeDate>
    <guid>a4d4c76e63944cba8c7d00f56334b98c</guid>
    <fileName>Assets/Settings/TextMesh Pro/Examples &amp; Extras/Scripts/TextMeshProFloatingText.cs</fileName>
    <timeStamp>2025-02-13T19:29:54.5053514+01:00</timeStamp>
    <typeFullName>
      <string>TMPro.Examples.TextMeshProFloatingText</string>
    </typeFullName>
    <assembly>Assembly-CSharp, Version=0.0.0.0, Culture=neutral, PublicKeyToken=null</assembly>
  </TypeDate>
  <TypeDate>
    <guid>76c11bbcfddf44e0ba17d6c2751c8d84</guid>
    <fileName>Assets/Settings/TextMesh Pro/Examples &amp; Extras/Scripts/TextMeshSpawner.cs</fileName>
    <timeStamp>2025-02-13T19:29:54.5055478+01:00</timeStamp>
    <typeFullName>
      <string>TMPro.Examples.TextMeshSpawner</string>
    </typeFullName>
    <assembly>Assembly-CSharp, Version=0.0.0.0, Culture=neutral, PublicKeyToken=null</assembly>
  </TypeDate>
  <TypeDate>
    <guid>91b8ba3d52e041fab2d0e0f169855539</guid>
    <fileName>Assets/Settings/TextMesh Pro/Examples &amp; Extras/Scripts/VertexColorCycler.cs</fileName>
    <timeStamp>2025-02-13T19:29:54.5057357+01:00</timeStamp>
    <typeFullName>
      <string>TMPro.Examples.VertexColorCycler</string>
    </typeFullName>
    <assembly>Assembly-CSharp, Version=0.0.0.0, Culture=neutral, PublicKeyToken=null</assembly>
  </TypeDate>
  <TypeDate>
    <guid>2ed57967c52645d390a89dcf8f61ba73</guid>
    <fileName>Assets/Settings/TextMesh Pro/Examples &amp; Extras/Scripts/VertexJitter.cs</fileName>
    <timeStamp>2025-02-13T19:29:54.5059495+01:00</timeStamp>
    <typeFullName>
      <string>TMPro.Examples.VertexJitter</string>
    </typeFullName>
    <assembly>Assembly-CSharp, Version=0.0.0.0, Culture=neutral, PublicKeyToken=null</assembly>
  </TypeDate>
  <TypeDate>
    <guid>f7cfa58e417a46ea8889989684c2522e</guid>
    <fileName>Assets/Settings/TextMesh Pro/Examples &amp; Extras/Scripts/VertexShakeA.cs</fileName>
    <timeStamp>2025-02-13T19:29:54.5062651+01:00</timeStamp>
    <typeFullName>
      <string>TMPro.Examples.VertexShakeA</string>
    </typeFullName>
    <assembly>Assembly-CSharp, Version=0.0.0.0, Culture=neutral, PublicKeyToken=null</assembly>
  </TypeDate>
  <TypeDate>
    <guid>e4e0d9ccee5f4950be8979268c9014e0</guid>
    <fileName>Assets/Settings/TextMesh Pro/Examples &amp; Extras/Scripts/VertexShakeB.cs</fileName>
    <timeStamp>2025-02-13T19:29:54.5064536+01:00</timeStamp>
    <typeFullName>
      <string>TMPro.Examples.VertexShakeB</string>
    </typeFullName>
    <assembly>Assembly-CSharp, Version=0.0.0.0, Culture=neutral, PublicKeyToken=null</assembly>
  </TypeDate>
  <TypeDate>
    <guid>52ec835d14bd486f900952b77698b7eb</guid>
    <fileName>Assets/Settings/TextMesh Pro/Examples &amp; Extras/Scripts/VertexZoom.cs</fileName>
    <timeStamp>2025-02-13T19:29:54.5066227+01:00</timeStamp>
    <typeFullName>
      <string>TMPro.Examples.VertexZoom</string>
    </typeFullName>
    <assembly>Assembly-CSharp, Version=0.0.0.0, Culture=neutral, PublicKeyToken=null</assembly>
  </TypeDate>
  <TypeDate>
    <guid>790744c462254b7ba8038e6ed28b3db2</guid>
    <fileName>Assets/Settings/TextMesh Pro/Examples &amp; Extras/Scripts/WarpTextExample.cs</fileName>
    <timeStamp>2025-02-13T19:29:54.5068986+01:00</timeStamp>
    <typeFullName>
      <string>TMPro.Examples.WarpTextExample</string>
    </typeFullName>
    <assembly>Assembly-CSharp, Version=0.0.0.0, Culture=neutral, PublicKeyToken=null</assembly>
  </TypeDate>
</ArrayOfTypeDate>